Scenario,VaR_95,CVaR_95
Normal Market,-85408.80610522475,-157429.01068213987
Stress Market,-354555.5263420011,-501492.8093334981
